Unnamed: 0,bathrooms,sqft_living,sqft_lot,grade,condition,waterfront,view,age,UTM_X,UTM_Y,log_price,geometry,lat,lon,price
1027,2.5,4090,16972,11,3,0,2,8,547243.5647843477,5286016.955071861,6.225309281725863,POINT (-122.36999999999999 47.725799999999985),-122.36999999999999,47.725799999999985,168.00000000000017
2811,2.25,1860,2670,8,4,0,0,29,561178.9292805451,5265895.534892072,5.664989647953296,POINT (-122.187 47.5436),-122.187,47.5436,46.23700000000004
1089,1.0,1320,5500,7,3,0,0,60,545277.8822558799,5268740.450629868,5.623249290397901,POINT (-122.398 47.57049999999999),-122.398,47.57049999999999,42.00000000000003
173,1.0,1150,6000,7,4,0,1,94,559063.9889918629,5281490.182152401,5.919078092376074,POINT (-122.21299999999998 47.684099999999994),-122.21299999999998,47.684099999999994,82.99999999999997
1491,2.0,1980,12150,9,3,0,0,21,564028.2898371088,5246152.927394036,5.681150749932422,POINT (-122.152 47.3657),-122.152,47.3657,47.99000000000003
1624,2.25,2050,7201,8,3,0,0,21,562646.9380983835,5283328.336944687,5.698970004336019,POINT (-122.165 47.7003),-122.165,47.7003,49.99999999999999
2284,2.25,1420,1246,8,3,0,0,8,547562.381908845,5265302.037870683,5.525044807036846,POINT (-122.368 47.5394),-122.368,47.5394,33.50000000000003
1345,1.5,1230,7200,7,3,0,0,62,551665.668343247,5286310.260547451,5.627365856592733,POINT (-122.311 47.72810000000001),-122.311,47.72810000000001,42.40000000000003
246,2.25,1790,11393,8,3,0,0,37,567689.8533608199,5275537.477507479,5.69284691927723,POINT (-122.099 47.6297),-122.099,47.6297,49.29999999999997
478,2.25,1590,9200,7,4,0,0,36,561698.2616407177,5237903.354531975,5.352182518111363,POINT (-122.184 47.291700000000006),-122.184,47.291700000000006,22.50000000000001
978,2.75,2060,6659,7,3,0,0,34,563576.2622988933,5253027.968347871,5.508529718971286,POINT (-122.15700000000001 47.4276),-122.15700000000001,47.4276,32.24999999999998
610,1.0,920,6600,6,3,0,0,96,554931.4695012572,5266011.300133041,5.620136054973758,POINT (-122.27 47.54520000000001),-122.27,47.54520000000001,41.7
2703,2.5,2270,13449,9,4,0,0,40,557794.8581585786,5265638.791104652,5.892094602690481,POINT (-122.232 47.541599999999995),-122.232,47.541599999999995,78.00000000000007
2441,2.5,1530,1131,8,3,0,0,6,549068.1832821275,5283086.678491693,5.556302500767287,POINT (-122.346 47.6993),-122.346,47.6993,35.999999999999964
1116,1.5,1660,15600,7,3,0,0,34,554548.983354473,5234187.456387332,5.342422680822207,POINT (-122.279 47.2589),-122.279,47.2589,22.00000000000002
1607,1.75,3990,13470,11,3,0,0,9,565409.2396023982,5264485.295754918,6.079181246047625,POINT (-122.131 47.53050000000001),-122.131,47.53050000000001,120.00000000000007
2297,1.0,1320,8500,7,4,0,0,61,558160.9218551456,5274211.919604288,5.971971276399756,POINT (-122.22599999999998 47.618700000000004),-122.22599999999998,47.618700000000004,93.74999999999997
102,1.0,1180,4219,7,3,0,0,76,546678.5457496347,5281666.549600116,5.638489256954637,POINT (-122.378 47.686699999999995),-122.378,47.686699999999995,43.499999999999964
1307,3.75,3450,8395,10,4,0,4,22,553958.3696003885,5273582.4168699,6.221414237842339,POINT (-122.282 47.61339999999999),-122.282,47.61339999999999,166.50000000000009
810,2.5,3284,6516,8,3,0,0,1,561869.5043022356,5243195.598063611,5.663190022806269,POINT (-122.181 47.3393),-122.181,47.3393,46.045800000000035
1941,2.25,1520,1221,8,3,0,0,2,546764.9397140847,5280255.686961002,5.752048447819439,POINT (-122.377 47.67400000000001),-122.377,47.67400000000001,56.50000000000002
572,1.0,1300,11520,6,3,0,0,57,560416.2582660817,5281370.694219133,5.77451696572855,POINT (-122.19500000000001 47.68289999999998),-122.19500000000001,47.68289999999998,59.500000000000036
2186,1.75,1660,9600,8,3,0,0,34,562425.3799508743,5289972.863204705,5.623249290397901,POINT (-122.167 47.7601),-122.167,47.7601,42.00000000000003
149,3.5,3220,5081,8,3,0,0,2,566692.5874168738,5283873.547320617,5.978165903207401,POINT (-122.11099999999999 47.7048),-122.11099999999999,47.7048,95.09679999999992
2153,2.25,1830,7614,7,3,0,0,24,561986.7356415566,5246408.913099073,5.380211241711606,POINT (-122.179 47.36819999999999),-122.179,47.36819999999999,24.000000000000018
1102,1.5,2550,6300,7,4,0,0,56,562357.6758730368,5261217.541360837,5.434568904034199,POINT (-122.172 47.50139999999998),-122.172,47.50139999999998,27.200000000000024
108,2.0,1440,3720,7,3,0,0,32,550652.5727862142,5282088.827631104,5.676693609624866,POINT (-122.325 47.6902),-122.325,47.6902,47.49999999999998
343,3.75,2260,2050,9,3,0,0,5,553405.365066183,5268308.984142936,5.725911632295048,POINT (-122.29 47.565999999999995),-122.29,47.565999999999995,53.20000000000001
2627,2.25,3040,5000,9,4,0,3,89,554214.3710434387,5278375.25256536,6.239299479126893,POINT (-122.278 47.6565),-122.278,47.6565,173.50000000000009
408,2.0,2200,3060,7,3,0,0,107,553857.7010242074,5268201.992796363,5.553883026643875,POINT (-122.28400000000002 47.56499999999999),-122.28400000000002,47.56499999999999,35.80000000000002
1512,3.5,3906,9674,9,3,0,2,1,555647.9713308013,5237998.735802529,5.740323206382993,POINT (-122.264 47.2931),-122.264,47.2931,54.99500000000003
2144,2.25,1670,6600,7,4,0,0,25,568791.9672476812,5245617.648760447,5.460897842756548,POINT (-122.089 47.3604),-122.089,47.3604,28.900000000000023
2342,3.5,4460,16953,9,3,0,0,53,557693.4452845695,5275885.61669987,6.2552725051033065,POINT (-122.232 47.633799999999994),-122.232,47.633799999999994,180.00000000000017
1094,2.75,2600,10874,9,3,0,0,21,564462.0592060883,5247913.77387906,5.628388930050312,POINT (-122.146 47.381499999999996),-122.146,47.381499999999996,42.50000000000001
1536,1.75,2190,8500,9,4,0,0,58,553705.6620863781,5276536.599916314,6.194514341882467,POINT (-122.285 47.64),-122.285,47.64,156.49999999999994
367,2.5,2940,6000,8,3,0,0,15,560110.0731040303,5289192.569258724,5.748188027006201,POINT (-122.198 47.7533),-122.198,47.7533,56.000000000000036
1001,2.5,3210,8532,10,3,0,0,17,564314.9061343815,5274976.832023826,5.9614210940664485,POINT (-122.144 47.625),-122.144,47.625,91.50000000000004
506,2.25,1790,7700,7,4,0,0,39,562397.7430128511,5285570.925257821,5.640978057358332,POINT (-122.16800000000002 47.7205),-122.16800000000002,47.7205,43.749999999999986
680,1.75,1620,5500,7,3,0,0,65,551978.7694331036,5276443.128366347,5.832508912706237,POINT (-122.308 47.6393),-122.308,47.6393,68.00000000000004
2706,2.5,2300,7314,8,4,0,0,36,550203.4128638108,5290632.225620931,5.6674529528899535,POINT (-122.33 47.76709999999999),-122.33,47.76709999999999,46.49999999999996
177,2.5,2130,5001,8,5,0,0,43,545127.9272164133,5278386.627589749,5.849419413796899,POINT (-122.39900000000002 47.65729999999999),-122.39900000000002,47.65729999999999,70.69999999999996
1620,1.75,2710,9216,8,3,0,0,54,546723.093300276,5266729.019756943,5.795184589682424,POINT (-122.379 47.55229999999999),-122.379,47.55229999999999,62.399999999999956
2636,2.0,1540,9629,7,4,0,0,55,564553.8204146691,5260140.9846274415,5.480006942957151,POINT (-122.14300000000001 47.4915),-122.14300000000001,47.4915,30.200000000000024
1840,2.25,2150,9900,8,3,0,0,38,563890.8061889976,5279384.86916806,5.66086547800387,POINT (-122.149 47.6647),-122.149,47.6647,45.80000000000005
2531,1.0,1280,5400,7,3,0,0,51,547196.4659755483,5282582.132144826,5.698970004336019,POINT (-122.37100000000001 47.694900000000004),-122.37100000000001,47.694900000000004,49.99999999999999
1413,2.5,2620,7328,8,3,0,0,32,555451.6670228854,5266705.320440028,5.9304395947667,POINT (-122.263 47.5514),-122.263,47.5514,85.19999999999992
2031,1.75,1160,8774,7,3,0,0,43,562628.2460415752,5285062.106429883,5.568201724066995,POINT (-122.165 47.7159),-122.165,47.7159,37.0
298,1.0,770,8612,6,3,0,0,62,550739.9801481199,5289258.649201392,5.429752280002408,POINT (-122.32300000000001 47.75469999999999),-122.32300000000001,47.75469999999999,26.899999999999977
387,1.5,1180,1722,8,3,0,0,9,546337.8198316012,5267870.730820039,5.60151678365001,POINT (-122.38400000000001 47.5626),-122.38400000000001,47.5626,39.949999999999974
1559,2.5,2190,8528,8,3,0,0,24,559352.6112772549,5282626.855113416,5.846337112129805,POINT (-122.209 47.69429999999999),-122.209,47.69429999999999,70.19999999999997
845,2.5,1680,4308,7,3,0,0,11,561855.3893626119,5258855.886534846,5.540329474790874,POINT (-122.179 47.48020000000001),-122.179,47.48020000000001,34.700000000000024
318,3.0,2800,9569,7,3,0,2,52,561518.9741449179,5262186.762962013,5.544068044350276,POINT (-122.183 47.51019999999999),-122.183,47.51019999999999,35.0
2164,3.75,3810,6150,8,4,0,0,38,549523.3667872334,5282501.45847333,5.880813592280791,POINT (-122.34 47.694),-122.34,47.694,76.0
693,2.25,2310,7490,8,3,0,0,35,560924.8038175837,5254144.639169086,5.505149978319906,POINT (-122.19200000000001 47.4379),-122.19200000000001,47.4379,32.00000000000002
1292,2.25,2420,9000,9,5,0,4,48,547985.1366875863,5259637.186641055,5.975431808509263,POINT (-122.363 47.48839999999999),-122.363,47.48839999999999,94.49999999999991
2372,1.0,1020,8155,7,4,0,0,67,547918.5619691423,5286011.371565054,5.607455023214668,POINT (-122.361 47.725699999999996),-122.361,47.725699999999996,40.49999999999997
218,3.5,2720,6781,8,3,0,0,16,559164.4302169182,5256716.309178148,5.562292864456475,POINT (-122.215 47.4612),-122.215,47.4612,36.49999999999999
1557,2.5,2080,17532,9,3,0,0,19,565090.9778659785,5259257.744342148,5.662757831681574,POINT (-122.136 47.48349999999999),-122.136,47.48349999999999,46.00000000000002
1637,1.5,1460,5040,7,3,0,0,44,548231.901422859,5284402.328861611,5.731588765186738,POINT (-122.35699999999999 47.7112),-122.35699999999999,47.7112,53.899999999999956
1960,3.0,2100,3800,8,3,0,0,43,553213.6115216588,5281055.796766716,5.802773725291976,POINT (-122.29100000000001 47.6807),-122.29100000000001,47.6807,63.50000000000005
1770,1.75,1510,5200,7,4,0,0,93,547654.4119780558,5281641.121794672,5.795184589682424,POINT (-122.365 47.68639999999999),-122.365,47.68639999999999,62.399999999999956
949,1.0,1660,7650,7,3,0,0,105,554391.8995474518,5267384.462727112,5.3979400086720375,POINT (-122.277 47.5576),-122.277,47.5576,24.999999999999993
2631,3.0,2600,13674,8,5,0,0,48,552351.062607388,5285149.338607993,5.778115057668767,POINT (-122.30200000000002 47.7176),-122.30200000000002,47.7176,59.99499999999994
2779,3.25,1550,1444,8,3,0,0,9,553217.6791363201,5280611.241516025,5.633468455579586,POINT (-122.29100000000001 47.67669999999999),-122.29100000000001,47.67669999999999,42.999999999999964
857,2.75,3100,10245,10,3,0,0,16,567017.0068239981,5281765.364621665,5.898725181589493,POINT (-122.10700000000001 47.6858),-122.10700000000001,47.6858,79.19999999999999
911,1.0,990,4332,7,3,0,0,106,550238.2117844746,5277928.332632532,5.792391689498253,POINT (-122.331 47.65279999999999),-122.331,47.65279999999999,61.999999999999815
2291,2.0,1760,6428,7,4,0,0,73,545294.0948618882,5276331.732760477,5.838849090737256,POINT (-122.39700000000002 47.6388),-122.39700000000002,47.6388,69.00000000000006
1659,2.5,2160,6825,8,3,0,0,21,560352.2166660788,5251160.019871375,5.511883360978874,POINT (-122.2 47.41110000000001),-122.2,47.41110000000001,32.50000000000001
162,1.0,1460,5000,7,4,0,0,81,551034.1157367966,5281369.705018747,5.596597095626461,POINT (-122.32 47.6837),-122.32,47.6837,39.50000000000003
1586,2.0,1840,4760,6,4,0,0,86,549001.2943323943,5264235.828297245,5.636487896353366,POINT (-122.34900000000002 47.5297),-122.34900000000002,47.5297,43.30000000000001
2883,1.0,1080,6250,5,2,0,0,65,550455.5873379976,5261447.367751212,5.195899652409234,POINT (-122.33 47.50449999999999),-122.33,47.50449999999999,15.700000000000008
755,2.5,1950,2457,8,3,0,0,6,552476.2557538482,5271245.926868307,5.752048447819439,POINT (-122.30200000000002 47.592499999999994),-122.30200000000002,47.592499999999994,56.50000000000002
2862,2.0,1340,3000,7,5,0,0,110,548855.802030575,5281573.289403156,5.739572344450092,POINT (-122.34900000000002 47.6857),-122.34900000000002,47.6857,54.900000000000055
211,2.5,1900,3366,9,3,0,0,19,561259.3718259968,5279712.2526283655,5.7363965022766426,POINT (-122.184 47.66790000000002),-122.184,47.66790000000002,54.500000000000014
2029,1.0,1610,2982,7,4,0,0,90,553083.2614537925,5270640.1140595805,5.7283537820212285,POINT (-122.294 47.587),-122.294,47.587,53.5
1174,1.5,1700,8067,7,3,0,0,59,550680.8533896914,5287446.409053261,5.498310553789601,POINT (-122.32399999999998 47.73839999999999),-122.32399999999998,47.73839999999999,31.50000000000003
565,2.0,1360,4688,7,3,0,0,71,551405.729376419,5281784.224698128,5.688419822002711,POINT (-122.315 47.687400000000004),-122.315,47.687400000000004,48.800000000000026
188,2.25,3490,6906,10,4,0,0,87,544539.8914784892,5276726.037607643,6.088136088700551,POINT (-122.40699999999998 47.642399999999995),-122.40699999999998,47.642399999999995,122.50000000000003
1216,3.0,2580,7299,8,3,0,0,17,564059.2358341153,5257145.671997903,5.652729696069248,POINT (-122.15 47.4646),-122.15,47.4646,44.95000000000008
2743,1.0,1090,10114,7,4,0,0,60,558743.0384696447,5238517.791956038,5.146128035678238,POINT (-122.22300000000001 47.2975),-122.22300000000001,47.2975,14.000000000000005
2593,1.75,2440,10179,7,4,0,0,53,551751.3768282866,5251155.700952411,5.44793286559218,POINT (-122.314 47.4118),-122.314,47.4118,28.049999999999983
602,2.5,1480,1369,7,3,0,0,6,565978.7118259546,5280664.193034951,5.623249290397901,POINT (-122.121 47.676),-122.121,47.676,42.00000000000003
2174,3.0,2770,2650,9,3,0,0,1,548519.6579367577,5276880.096633958,6.046104787246039,POINT (-122.35400000000001 47.643499999999996),-122.35400000000001,47.643499999999996,111.20000000000002
231,2.5,2160,5298,9,4,0,0,113,551856.920852222,5273252.134033604,5.925569909543376,POINT (-122.31 47.6106),-122.31,47.6106,84.24999999999997
2991,2.0,1420,4080,7,3,0,0,110,548854.4012926742,5281739.998029905,5.685741738602264,POINT (-122.34900000000002 47.6872),-122.34900000000002,47.6872,48.500000000000036
1105,2.75,2300,8000,7,3,0,0,50,552436.6007622977,5241992.5852134535,5.623249290397901,POINT (-122.30600000000001 47.3293),-122.30600000000001,47.3293,42.00000000000003
2418,1.75,1260,9346,7,4,0,0,52,561454.6267116198,5246747.876078298,5.302114376956201,POINT (-122.18600000000002 47.3713),-122.18600000000002,47.3713,20.04999999999999
2213,1.0,1100,6000,6,4,0,0,115,550960.4585649262,5264008.059262154,5.32221929473392,POINT (-122.32300000000001 47.5275),-122.32300000000001,47.5275,21.000000000000057
927,2.5,2830,10677,9,3,0,0,22,559373.4260637462,5287928.969785917,5.797440669986648,POINT (-122.20800000000001 47.74199999999999),-122.20800000000001,47.74199999999999,62.72500000000002
2275,2.25,2470,7698,8,3,0,0,32,564766.9678951582,5254485.90692394,5.556181846652911,POINT (-122.14099999999999 47.44060000000001),-122.14099999999999,47.44060000000001,35.989999999999974
1509,1.0,1520,8055,7,3,0,0,63,552121.4706577959,5285658.557223233,5.445604203273597,POINT (-122.305 47.7222),-122.305,47.7222,27.899999999999988
2897,2.75,1250,1655,7,3,0,0,9,546494.6363983992,5267071.742313551,5.568201724066995,POINT (-122.38200000000002 47.555399999999985),-122.38200000000002,47.555399999999985,37.0
1302,1.0,670,6000,6,5,0,0,66,554538.8318144738,5267763.729907556,5.6180480967120925,POINT (-122.275 47.561),-122.275,47.561,41.49999999999998
1577,2.0,1770,7251,8,4,0,0,25,562618.2566946922,5250917.002474612,5.506369717095504,POINT (-122.17 47.408699999999996),-122.17,47.408699999999996,32.09
1613,1.75,2210,9374,8,4,0,3,64,548125.8322712786,5279088.635293766,5.8850783841492245,POINT (-122.35899999999998 47.66340000000001),-122.35899999999998,47.66340000000001,76.75000000000007
1569,1.75,2080,5969,7,3,0,2,44,553048.043407472,5266238.417821914,5.518448132698142,POINT (-122.295 47.5474),-122.295,47.5474,32.99500000000002
1741,1.0,1120,4590,7,3,0,0,91,553781.1503762098,5268345.777113869,5.653212513775344,POINT (-122.285 47.56629999999999),-122.285,47.56629999999999,45.00000000000003
283,1.0,920,8282,6,3,0,0,71,558902.1852806791,5290036.045625846,5.491361693834273,POINT (-122.214 47.760999999999996),-122.214,47.760999999999996,31.00000000000003
1929,2.5,2560,5428,8,3,0,0,3,568309.0578106296,5248179.527047356,5.544068044350276,POINT (-122.09500000000001 47.383500000000005),-122.09500000000001,47.383500000000005,35.0
1744,1.0,1060,5754,6,4,0,0,98,547123.0538186088,5282381.472700913,5.5969817431335205,POINT (-122.37199999999999 47.6931),-122.37199999999999,47.6931,39.535
1736,1.5,1170,6240,6,4,0,0,55,557786.1746731461,5266516.766539986,5.720159303405957,POINT (-122.232 47.549499999999995),-122.232,47.549499999999995,52.500000000000014
1336,2.5,2210,5077,8,4,0,0,103,546856.0890616459,5268908.505461561,5.792041310712082,POINT (-122.377 47.57189999999999),-122.377,47.57189999999999,61.94999999999997
2909,2.0,1650,6840,7,5,0,0,99,549714.0710460932,5277745.998468731,5.848189116991398,POINT (-122.33800000000001 47.6512),-122.33800000000001,47.6512,70.49999999999996
1746,1.75,2040,9322,8,3,0,0,38,552607.2261141159,5289986.640033645,5.732393759822968,POINT (-122.298 47.76109999999999),-122.298,47.76109999999999,53.99999999999995
2114,2.0,2250,4200,7,3,0,0,106,552830.9092948774,5273594.319043554,5.826074802700826,POINT (-122.297 47.613600000000005),-122.297,47.613600000000005,66.99999999999993
903,2.0,1660,3600,7,3,0,0,76,548712.0380737897,5280816.284958657,5.803115554890027,POINT (-122.35100000000001 47.678899999999985),-122.35100000000001,47.678899999999985,63.55000000000005
2501,2.25,1290,1334,8,3,0,0,8,546391.4817283001,5280019.290095971,5.698970004336019,POINT (-122.38200000000002 47.6719),-122.38200000000002,47.6719,49.99999999999999
1776,1.5,1590,4500,7,4,0,0,69,545718.185753513,5270144.294857951,5.690196080028514,POINT (-122.392 47.583099999999995),-122.392,47.583099999999995,49.00000000000002
1533,2.0,2260,11970,7,4,0,0,53,559018.3054921577,5248756.850605982,5.439332693830263,POINT (-122.21800000000002 47.3896),-122.21800000000002,47.3896,27.50000000000001
2934,1.75,3550,19865,9,3,0,0,53,557479.2642425466,5274749.784168741,6.32221929473392,POINT (-122.235 47.62360000000001),-122.235,47.62360000000001,210.00000000000057
2730,1.0,1330,9715,7,4,0,0,58,565994.5179352604,5272639.203229268,5.661291977065603,POINT (-122.122 47.60380000000001),-122.122,47.60380000000001,45.84499999999996
254,2.0,1410,2700,7,4,0,0,113,552465.857610586,5272401.754614588,5.7160033436348,POINT (-122.30200000000002 47.60289999999999),-122.30200000000002,47.60289999999999,52.00000000000014
1437,2.25,1990,4977,9,3,0,0,3,555086.9944435207,5265479.263310365,5.854306041801081,POINT (-122.268 47.54039999999999),-122.268,47.54039999999999,71.50000000000007
979,1.5,1980,5800,8,4,0,0,66,544082.9253204463,5277556.146539297,5.88024177589548,POINT (-122.413 47.6499),-122.413,47.6499,75.89999999999996
1752,1.75,1280,3880,7,5,0,0,99,545702.6031292421,5281703.255044413,5.7160033436348,POINT (-122.391 47.6871),-122.391,47.6871,52.00000000000014
2958,2.0,1400,1657,8,3,0,0,11,552749.7238329198,5274260.464262971,5.755874855672492,POINT (-122.298 47.6196),-122.298,47.6196,57.00000000000013
196,1.75,2150,9000,7,4,0,0,49,566572.5806568087,5281248.95519192,5.740362689494244,POINT (-122.11299999999999 47.68119999999999),-122.11299999999999,47.68119999999999,55.000000000000036
1618,2.25,2070,14000,7,3,0,0,57,557192.4000445624,5288618.429604178,5.672559627763276,POINT (-122.237 47.7484),-122.237,47.7484,47.05
2523,1.75,1720,5899,8,3,0,1,29,546282.578333558,5265347.334642566,5.710963118995275,POINT (-122.38499999999999 47.5399),-122.38499999999999,47.5399,51.39999999999996
1264,2.0,1380,4048,7,4,0,0,109,549256.8144595129,5278531.251286796,5.748188027006201,POINT (-122.344 47.6583),-122.344,47.6583,56.000000000000036
2097,1.75,1480,9523,7,3,0,0,56,559112.1059155335,5246935.028706096,5.380030247967831,POINT (-122.217 47.3732),-122.217,47.3732,23.99000000000001
2576,1.0,1080,4120,7,3,0,0,96,551115.6122448477,5280636.847380763,5.91323087111356,POINT (-122.31900000000002 47.677099999999996),-122.31900000000002,47.677099999999996,81.88999999999997
2132,1.0,890,5000,7,3,0,0,72,554128.840549654,5279497.0520659,5.833784374656479,POINT (-122.279 47.66660000000001),-122.279,47.66660000000001,68.19999999999999
2967,2.0,1310,6738,7,4,0,0,25,569233.2620409408,5246623.156986322,5.39776625612645,POINT (-122.083 47.369400000000006),-122.083,47.369400000000006,24.98999999999998
134,1.5,2260,5300,7,3,0,0,75,548940.2942910184,5280451.416841058,5.643452676486188,POINT (-122.348 47.6756),-122.348,47.6756,44.00000000000005
1229,1.5,2830,4000,8,4,0,0,97,555567.2459011755,5262460.642027022,5.608097946325279,POINT (-122.262 47.5132),-122.262,47.5132,40.55999999999998
309,3.0,2270,7245,7,3,0,0,36,551322.3468773875,5291208.883569975,5.638489256954637,POINT (-122.315 47.7722),-122.315,47.7722,43.499999999999964
1412,2.5,1210,2046,9,3,0,0,7,548406.949758737,5263286.156311377,5.476976465759528,POINT (-122.35699999999999 47.5212),-122.35699999999999,47.5212,29.99000000000008
678,1.75,2430,11448,7,5,0,1,66,545693.8665924066,5282814.647803717,5.851258348719076,POINT (-122.391 47.69709999999999),-122.391,47.69709999999999,71.00000000000017
1134,1.75,1710,6400,7,4,0,0,39,547094.8972767881,5239091.158095973,5.414973347970818,POINT (-122.377 47.30360000000001),-122.377,47.30360000000001,26.000000000000014
594,1.75,1780,5000,6,3,0,0,58,548190.8977874529,5262095.137932764,5.380211241711606,POINT (-122.36 47.51049999999999),-122.36,47.51049999999999,24.000000000000018
879,1.0,760,4000,7,3,0,0,71,545325.2117205014,5281978.165814849,5.6180480967120925,POINT (-122.396 47.689599999999984),-122.396,47.689599999999984,41.49999999999998
2781,2.75,3150,6343,8,3,0,3,39,546581.3876036908,5265627.567120936,5.8750612633917,POINT (-122.381 47.5424),-122.381,47.5424,75.00000000000001
1904,2.5,3180,9400,10,5,0,4,30,563339.3752493173,5267930.353093109,6.149711649687932,POINT (-122.15800000000002 47.561699999999995),-122.15800000000002,47.561699999999995,141.16000000000008
1628,1.0,2290,6300,7,4,0,4,94,553379.2357996582,5271165.202380023,5.9164539485499255,POINT (-122.29 47.591699999999996),-122.29,47.591699999999996,82.50000000000007
727,1.0,1120,10500,7,4,0,0,49,558041.0381805747,5286214.882760648,5.556302500767287,POINT (-122.22599999999998 47.7267),-122.22599999999998,47.7267,35.999999999999964
331,3.5,3350,3752,9,3,0,0,8,547661.8806343428,5280729.781692362,6.004321373782642,POINT (-122.365 47.67819999999999),-122.365,47.67819999999999,100.9999999999999
407,1.75,2110,7129,8,3,0,0,33,567345.7230110317,5285781.812971786,5.732393759822968,POINT (-122.102 47.72189999999999),-122.102,47.72189999999999,53.99999999999995
2256,2.5,2430,5959,8,3,0,0,13,561194.8225241055,5242688.395909773,5.484299839346786,POINT (-122.19000000000001 47.33480000000001),-122.19000000000001,47.33480000000001,30.500000000000007
1798,1.75,2440,8100,9,4,0,0,55,547923.697992897,5285388.988632844,5.759667844689631,POINT (-122.361 47.72010000000001),-122.361,47.72010000000001,57.50000000000013
864,1.0,1480,8415,7,3,0,0,48,554042.1490606343,5256366.74618197,5.243038048686294,POINT (-122.283 47.45850000000001),-122.283,47.45850000000001,17.5
1583,2.5,3050,8200,8,4,0,4,53,563561.4193354242,5268266.214014794,6.012837224705172,POINT (-122.15500000000002 47.5647),-122.15500000000002,47.5647,102.99999999999996
532,3.5,1660,2298,8,3,0,0,6,544892.9310318079,5269893.3715959685,5.783903579272735,POINT (-122.403 47.5809),-122.403,47.5809,60.800000000000026
1195,3.0,2793,5703,9,3,0,0,6,562062.2367261419,5246409.709590933,5.624797578960761,POINT (-122.17799999999998 47.36819999999999),-122.17799999999998,47.36819999999999,42.15
844,2.0,2350,5700,8,4,0,0,76,551828.8391414181,5276408.448122625,5.886490725172482,POINT (-122.31 47.63900000000001),-122.31,47.63900000000001,77.00000000000007
144,2.5,2440,9727,9,3,0,0,28,565171.3437823148,5279021.153647977,5.874771637184298,POINT (-122.132 47.661300000000004),-122.132,47.661300000000004,74.94999999999999
2030,2.5,1850,6663,7,3,0,0,25,560786.0702312316,5245685.052480661,5.469822015978163,POINT (-122.19500000000001 47.3618),-122.19500000000001,47.3618,29.50000000000003
192,3.5,3070,4684,10,3,0,0,6,569547.5802532772,5264655.329012841,5.894869656745253,POINT (-122.076 47.5316),-122.076,47.5316,78.50000000000003
239,1.0,980,1600,8,3,0,0,5,546947.3265679053,5276255.90799628,5.650307523131937,POINT (-122.375 47.638),-122.375,47.638,44.70000000000002
2759,2.0,2200,13320,6,3,0,0,71,553341.0274459522,5258861.063797891,5.311753861055754,POINT (-122.292 47.48099999999998),-122.292,47.48099999999998,20.499999999999993
644,1.75,2470,9620,7,4,0,1,53,551310.5890597062,5249795.897937203,5.607455023214668,POINT (-122.32 47.399599999999985),-122.32,47.399599999999985,40.49999999999997
781,2.0,870,6450,6,4,0,0,61,554339.6093999809,5264916.537857313,5.371067862271736,POINT (-122.278 47.53540000000001),-122.278,47.53540000000001,23.499999999999975
296,1.0,1100,4373,6,2,0,0,68,549890.238682538,5257085.704660948,5.3979400086720375,POINT (-122.33800000000001 47.465300000000006),-122.33800000000001,47.465300000000006,24.999999999999993
2873,4.5,4270,8076,11,3,0,0,8,559572.3606210329,5283151.511040167,6.1854004831904525,POINT (-122.20600000000002 47.699000000000005),-122.20600000000002,47.699000000000005,153.24999999999994
2323,2.25,1140,1332,8,3,0,0,16,548359.472011406,5278079.141438512,5.6776069527204935,POINT (-122.35600000000001 47.65429999999999),-122.35600000000001,47.65429999999999,47.600000000000044
568,1.5,850,2500,7,3,0,0,29,548138.5100554741,5268452.1327887615,5.469822015978163,POINT (-122.36 47.5677),-122.36,47.5677,29.50000000000003
87,3.25,2470,4760,9,5,0,0,109,551834.6740742903,5275752.733710935,6.122215878272827,POINT (-122.31 47.633100000000006),-122.31,47.633100000000006,132.5
528,1.75,1860,7700,8,4,0,0,51,566717.912059848,5275115.003329983,5.755874855672492,POINT (-122.11200000000001 47.626),-122.11200000000001,47.626,57.00000000000013
1567,3.0,3300,4218,8,3,0,0,45,549259.2598968337,5278242.29116461,5.963787827345556,POINT (-122.344 47.655699999999996),-122.344,47.655699999999996,92.00000000000006
867,2.0,1870,9527,7,4,0,0,64,558356.7820028019,5269656.799398097,5.920384242178358,POINT (-122.22399999999999 47.577699999999986),-122.22399999999999,47.577699999999986,83.25000000000003
416,1.0,1270,6000,7,3,0,0,76,545586.3732055346,5277378.777557298,5.628388930050312,POINT (-122.393 47.648199999999996),-122.393,47.648199999999996,42.50000000000001
2111,2.0,2060,6000,8,4,0,1,61,546447.3924322107,5263548.122454215,5.848189116991398,POINT (-122.383 47.5237),-122.383,47.5237,70.49999999999996
2472,2.5,2600,6536,9,3,0,0,16,560901.5434410552,5263625.22088443,5.778151250383644,POINT (-122.19099999999999 47.523199999999996),-122.19099999999999,47.523199999999996,60.000000000000036
1036,3.0,4190,8805,9,5,0,2,87,553803.2466833653,5274103.37423845,6.405858399317637,POINT (-122.28400000000002 47.618100000000005),-122.28400000000002,47.618100000000005,254.60000000000022
2473,2.5,2030,5202,8,3,0,0,14,562189.9513026305,5248611.73502179,5.483587296968894,POINT (-122.17599999999999 47.388),-122.17599999999999,47.388,30.44999999999998
958,2.0,1340,4320,5,3,0,0,103,558363.3777251168,5238680.733714488,5.269512944217916,POINT (-122.22799999999998 47.29900000000001),-122.22799999999998,47.29900000000001,18.599999999999987
535,1.0,870,6150,6,3,0,0,74,549155.66601519,5263781.434255164,5.389166084364533,POINT (-122.347 47.525600000000004),-122.347,47.525600000000004,24.500000000000007
1377,2.5,2300,3825,7,3,0,0,3,569321.8616566804,5245512.723379439,5.505149978319906,POINT (-122.08199999999998 47.359399999999994),-122.08199999999998,47.359399999999994,32.00000000000002
2999,2.0,1410,9600,7,4,0,0,32,564000.344591761,5289878.8768216,5.562887381293879,POINT (-122.146 47.75909999999999),-122.146,47.75909999999999,36.54999999999998
63,3.75,3010,4360,9,3,0,0,1,550055.0232784867,5281761.324852921,6.051152522447381,POINT (-122.333 47.687299999999986),-122.333,47.687299999999986,112.50000000000004
210,2.0,1550,6394,8,5,0,0,97,546749.8417002372,5263383.817925632,5.698970004336019,POINT (-122.379 47.52219999999999),-122.379,47.52219999999999,49.99999999999999
1739,2.25,2040,7600,8,4,0,0,37,547989.9780543419,5240576.53146301,5.434568904034199,POINT (-122.365 47.3169),-122.365,47.3169,27.200000000000024
2151,4.5,3732,4426,10,3,0,0,14,553501.8551064687,5274189.517411775,6.088136088700551,POINT (-122.28800000000001 47.61889999999999),-122.28800000000001,47.61889999999999,122.50000000000003
1161,1.5,1380,4290,7,3,0,0,60,546614.8120375678,5280254.481976665,5.720159303405957,POINT (-122.379 47.67399999999999),-122.379,47.67399999999999,52.500000000000014
471,1.75,1610,11200,7,3,0,0,60,561864.4402924189,5279296.281646645,5.653212513775344,POINT (-122.17599999999999 47.66409999999999),-122.17599999999999,47.66409999999999,45.00000000000003
2957,2.0,1490,3880,7,3,0,0,56,547826.7949508956,5278930.565250481,5.740362689494244,POINT (-122.363 47.66199999999999),-122.363,47.66199999999999,55.000000000000036
554,3.5,5110,10018,10,3,0,0,12,562241.0780090312,5286191.69606794,5.812913356642856,POINT (-122.17 47.7261),-122.17,47.7261,65.00000000000001
2700,1.0,990,15120,6,4,0,0,62,559494.9667001093,5290697.893221256,5.511883360978874,POINT (-122.20600000000002 47.7669),-122.20600000000002,47.7669,32.50000000000001
414,2.75,3090,12031,9,5,0,0,47,558254.5745389073,5264820.867772726,6.068185861746161,POINT (-122.22599999999998 47.5342),-122.22599999999998,47.5342,116.9999999999999
2505,2.5,1660,1091,9,3,0,1,0,544967.3576189087,5269993.973972733,5.863025296229471,POINT (-122.40200000000002 47.5818),-122.40200000000002,47.5818,72.95000000000005
1963,1.0,940,4200,7,3,0,0,60,548778.7969829876,5281806.051420379,5.532754378992498,POINT (-122.35 47.68780000000001),-122.35,47.68780000000001,34.09999999999999
859,1.75,2100,5058,7,3,0,2,74,546778.7414734189,5269174.630998742,5.781755374652469,POINT (-122.378 47.5743),-122.378,47.5743,60.49999999999995
2875,2.25,2140,8874,8,3,0,0,29,559232.4694796082,5234955.023717759,5.518448132698142,POINT (-122.217 47.26539999999999),-122.217,47.26539999999999,32.99500000000002
2475,3.25,4110,14219,10,4,0,2,36,555179.3429786765,5287465.204349595,5.9164539485499255,POINT (-122.264 47.7382),-122.264,47.7382,82.50000000000007
2175,2.5,2120,4512,8,3,0,0,27,561238.1907398135,5288837.566344145,5.67690019322658,POINT (-122.183 47.74999999999999),-122.183,47.74999999999999,47.52260000000005
139,2.25,1520,1245,8,3,0,0,11,549526.4913129901,5282134.699181379,5.607455023214668,POINT (-122.34 47.69069999999999),-122.34,47.69069999999999,40.49999999999997
29,1.0,860,8636,6,3,0,0,91,548494.3005706116,5261830.900999975,5.230448921378274,POINT (-122.35600000000001 47.508100000000006),-122.35600000000001,47.508100000000006,17.000000000000007
2394,2.5,1740,10050,7,3,0,0,26,557793.3116363112,5235129.692996188,5.352182518111363,POINT (-122.23600000000002 47.2671),-122.23600000000002,47.2671,22.50000000000001
7,2.0,2410,4680,9,3,0,0,41,566646.0847633905,5274825.186409215,5.672097857935717,POINT (-122.11299999999999 47.62339999999999),-122.11299999999999,47.62339999999999,46.99999999999996
2123,1.75,1820,13600,7,3,0,0,56,553222.4623455219,5247001.010991763,5.428944290035575,POINT (-122.295 47.3743),-122.295,47.3743,26.85000000000002
1351,2.5,2060,16000,6,3,0,0,22,556639.6332541534,5237096.8199742455,5.456366033129043,POINT (-122.25100000000002 47.28489999999999),-122.25100000000002,47.28489999999999,28.599999999999977
2705,1.75,1100,5525,6,5,0,0,47,569166.7826302133,5245855.455139775,5.322115878973959,POINT (-122.084 47.36249999999999),-122.084,47.36249999999999,20.995000000000008
174,1.0,1700,7700,7,3,0,0,55,551352.5350009267,5262222.065119267,5.3979400086720375,POINT (-122.318 47.5114),-122.318,47.5114,24.999999999999993
1393,1.5,1390,1756,7,3,0,0,10,548216.9514901309,5286202.792520252,5.477048866273474,POINT (-122.35699999999999 47.727399999999996),-122.35699999999999,47.727399999999996,29.99500000000003
80,3.5,2850,4416,7,3,0,0,89,549383.2075616408,5281333.22118609,5.942008053022313,POINT (-122.342 47.683499999999995),-122.342,47.683499999999995,87.49999999999999
612,1.5,1280,974,7,3,0,0,12,553027.493649308,5284999.86663864,5.44870631990508,POINT (-122.293 47.7162),-122.293,47.7162,28.099999999999994
120,1.75,2190,3800,8,4,0,2,92,548445.0126832912,5276823.902183106,5.994756944587628,POINT (-122.355 47.642999999999994),-122.355,47.642999999999994,98.80000000000004
14,2.5,2160,3000,7,3,0,0,106,553482.2122079195,5268131.853988363,5.578352641510361,POINT (-122.28899999999999 47.56439999999999),-122.28899999999999,47.56439999999999,37.874999999999964
746,2.25,2010,7447,8,3,0,0,30,556369.3862259812,5288454.764212045,5.698970004336019,POINT (-122.248 47.74699999999999),-122.248,47.74699999999999,49.99999999999999
111,1.0,800,5080,7,3,0,0,77,551470.5389314155,5282940.735620276,5.606918525948291,POINT (-122.314 47.697799999999994),-122.314,47.697799999999994,40.45000000000003
2667,1.5,1070,1236,8,3,0,0,10,546488.886086481,5267794.130803851,5.603955885435382,POINT (-122.38200000000002 47.5619),-122.38200000000002,47.5619,40.174999999999976
2124,2.5,2190,12690,8,3,0,2,42,560890.0577539215,5279130.39328518,5.920645001406788,POINT (-122.189 47.6627),-122.189,47.6627,83.30000000000007
1222,2.5,2680,17707,9,3,0,1,32,558217.2964735035,5283593.495275813,5.783971432484639,POINT (-122.22399999999999 47.7031),-122.22399999999999,47.7031,60.80950000000018
929,2.25,2300,9914,8,4,0,0,35,568747.6786340781,5268658.426933393,5.832508912706237,POINT (-122.086 47.5677),-122.086,47.5677,68.00000000000004
1226,1.75,1830,5488,7,4,0,2,76,551852.0315127234,5282232.779318013,5.653212513775344,POINT (-122.30899999999998 47.6914),-122.30899999999998,47.6914,45.00000000000003
952,1.75,1730,7980,8,4,0,0,50,564769.5378518477,5274637.299412513,5.711807229041191,POINT (-122.13800000000002 47.62189999999999),-122.13800000000002,47.62189999999999,51.49999999999997
1915,4.0,4180,7232,9,3,0,0,1,565642.1925462247,5283872.701261108,6.017404836218332,POINT (-122.12500000000001 47.704899999999995),-122.12500000000001,47.704899999999995,104.08900000000006
1442,2.0,2160,4800,7,4,0,0,86,559371.949242599,5258552.31763354,5.51181654130309,POINT (-122.212 47.4777),-122.212,47.4777,32.49499999999999
2930,1.5,2230,5109,7,3,0,0,97,551768.8754085988,5283143.451752629,5.770852011642144,POINT (-122.31 47.6996),-122.31,47.6996,58.99999999999994
1556,1.0,810,7000,7,3,0,0,47,565023.9122777845,5278774.97014355,5.56466606425209,POINT (-122.134 47.659099999999995),-122.134,47.659099999999995,36.70000000000004
56,2.5,2720,10455,10,3,0,2,34,563345.7636613222,5267341.331169949,5.989004615698537,POINT (-122.15800000000002 47.5564),-122.15800000000002,47.5564,97.50000000000004
423,1.75,1260,5300,7,4,0,0,64,548935.3380668644,5281040.453143111,5.799340549453582,POINT (-122.348 47.6809),-122.348,47.6809,63.00000000000006
1578,2.25,2440,8378,7,3,0,0,53,555444.9052451901,5291057.891362322,5.752048447819439,POINT (-122.26 47.77049999999999),-122.26,47.77049999999999,56.50000000000002
1745,1.0,1050,5500,6,3,0,0,95,546658.5920049234,5265383.667461481,5.638489256954637,POINT (-122.38 47.5402),-122.38,47.5402,43.499999999999964
430,1.5,1180,834,8,3,0,0,6,548310.4235269687,5283980.621862312,5.511883360978874,POINT (-122.35600000000001 47.70739999999999),-122.35600000000001,47.70739999999999,32.50000000000001
1064,2.0,2080,7020,7,4,0,0,64,553667.9356251044,5280626.493416974,5.744292983122676,POINT (-122.285 47.6768),-122.285,47.6768,55.500000000000014
842,2.25,1770,10000,7,3,0,0,37,551177.292336368,5247771.954523634,5.384711742938283,POINT (-122.32199999999999 47.3814),-122.32199999999999,47.3814,24.250000000000014
2089,2.0,2120,11479,7,4,0,0,75,552285.2636529634,5284126.179703392,5.68930885912362,POINT (-122.30300000000001 47.7084),-122.30300000000001,47.7084,48.899999999999956
765,2.0,2630,9099,7,3,0,0,71,548119.0729329975,5261672.202554771,5.648360010980932,POINT (-122.361 47.5067),-122.361,47.5067,44.50000000000004
2861,1.0,1020,4800,7,3,0,0,71,554763.9875809859,5267821.410087967,5.57978359661681,POINT (-122.27199999999999 47.5615),-122.27199999999999,47.5615,37.99999999999999
272,2.5,1790,2700,8,3,0,0,5,568225.9732742999,5268241.047183584,5.707485011967473,POINT (-122.09299999999999 47.56400000000001),-122.09299999999999,47.56400000000001,50.989999999999974
51,1.75,2960,11347,8,4,0,0,69,548751.938117411,5258020.835758924,5.671172842715083,POINT (-122.35300000000001 47.47379999999999),-122.35300000000001,47.47379999999999,46.89999999999996
2776,2.0,2930,12840,8,4,0,0,50,561466.7956068225,5238345.50978756,5.468347330412158,POINT (-122.187 47.29569999999999),-122.187,47.29569999999999,29.40000000000003
184,4.0,4510,15175,10,3,0,0,46,558107.6921237764,5264452.621195436,6.271841606536499,POINT (-122.22799999999998 47.53090000000002),-122.22799999999998,47.53090000000002,186.99999999999983
194,1.0,960,4560,7,4,0,0,47,547774.973950186,5266915.357753789,5.4623979978989565,POINT (-122.365 47.55389999999999),-122.365,47.55389999999999,29.00000000000003
2929,1.5,1140,14373,7,3,0,0,66,558556.2003192975,5287187.068682402,5.419129307741976,POINT (-122.219 47.7354),-122.219,47.7354,26.250000000000007
1601,1.75,1810,8048,7,4,0,0,32,560761.908256046,5255309.982539997,5.511883360978874,POINT (-122.194 47.4484),-122.194,47.4484,32.50000000000001
2307,3.25,2880,5929,8,3,0,0,1,549237.8657206652,5235952.320618336,5.633367445117007,POINT (-122.34900000000002 47.27519999999999),-122.34900000000002,47.27519999999999,42.99000000000001
32,2.5,2000,2500,8,3,0,1,21,545421.1284152819,5269664.05648627,5.773054693364263,POINT (-122.396 47.578799999999994),-122.396,47.578799999999994,59.30000000000006
203,2.75,1440,7350,7,4,0,0,35,564990.0816186276,5254766.244155921,5.5191583230939045,POINT (-122.13800000000002 47.443099999999994),-122.13800000000002,47.443099999999994,33.04900000000003
1361,2.5,2380,5737,7,3,0,0,5,548702.646508954,5236648.051942182,5.521138083704036,POINT (-122.35600000000001 47.281499999999994),-122.35600000000001,47.281499999999994,33.199999999999996
2497,2.5,2080,9612,8,4,0,3,75,553764.0439974306,5286462.691733296,5.838219221907626,POINT (-122.283 47.729299999999995),-122.283,47.729299999999995,68.90000000000005
1299,1.5,1160,5200,7,5,0,0,45,568409.7525451139,5246013.320691655,5.32221929473392,POINT (-122.09400000000001 47.36399999999999),-122.09400000000001,47.36399999999999,21.000000000000057
460,2.5,2110,3825,7,3,0,0,2,569322.3856284284,5245468.270491461,5.514547752660286,POINT (-122.08199999999998 47.358999999999995),-122.08199999999998,47.358999999999995,32.700000000000024
183,1.0,1170,3348,7,4,0,0,91,546678.278080896,5281699.891345081,5.65991620006985,POINT (-122.378 47.687),-122.378,47.687,45.70000000000002
599,1.0,1440,11925,7,3,0,0,47,552945.3241942185,5235828.836662031,5.361538971269279,POINT (-122.3 47.27380000000001),-122.3,47.27380000000001,22.989999999999984
479,1.75,1070,9000,7,4,0,0,37,565125.1541181258,5283144.389909027,5.55810830163055,POINT (-122.132 47.6984),-122.132,47.6984,36.150000000000006
1992,2.25,2210,7680,8,3,0,2,43,545777.4418317016,5291240.248847188,5.698970004336019,POINT (-122.38900000000001 47.772900000000014),-122.38900000000001,47.772900000000014,49.99999999999999
1861,1.5,1710,5120,7,4,0,0,95,552163.4519977001,5280979.593793845,5.873320601815399,POINT (-122.305 47.680099999999996),-122.305,47.680099999999996,74.70000000000002
2994,1.75,2490,7210,7,3,0,0,43,560141.5071834915,5286158.453899493,5.676693609624866,POINT (-122.198 47.726),-122.198,47.726,47.49999999999998
2442,2.5,2420,10285,8,3,0,4,57,548212.3151844658,5259494.56726343,5.880813592280791,POINT (-122.36 47.4871),-122.36,47.4871,76.0
862,2.5,2040,7000,7,3,0,0,36,562169.2449417148,5250567.678668281,5.423081958297231,POINT (-122.17599999999999 47.4056),-122.17599999999999,47.4056,26.489999999999984
1178,1.75,1650,12349,7,3,0,0,58,554134.4507450169,5254533.723815151,5.414137362184476,POINT (-122.282 47.44199999999999),-122.282,47.44199999999999,25.94999999999998
1190,2.5,2630,5379,8,3,0,0,11,563039.901670217,5260813.603127063,5.657247129883716,POINT (-122.16299999999998 47.49770000000001),-122.16299999999998,47.49770000000001,45.41999999999997
365,1.0,1560,8100,8,4,0,0,63,547693.2279081596,5286053.975303571,5.720159303405957,POINT (-122.36400000000002 47.7261),-122.36400000000002,47.7261,52.500000000000014
1842,1.0,1760,4264,8,3,0,0,113,551692.810216375,5274806.726578334,5.892372907398436,POINT (-122.312 47.6246),-122.312,47.6246,78.05
1362,2.5,2301,6452,9,3,0,0,5,555214.7871832029,5243874.05583098,5.574609941340187,POINT (-122.26900000000002 47.346000000000004),-122.26900000000002,47.346000000000004,37.54999999999997
291,1.75,2260,9703,8,2,0,0,37,564194.1785462563,5279110.32893868,5.661812685537261,POINT (-122.14500000000001 47.6622),-122.14500000000001,47.6622,45.89999999999998
2645,2.0,2990,12970,7,4,0,2,67,555605.4127656533,5289947.922458412,5.770852011642144,POINT (-122.25800000000001 47.7605),-122.25800000000001,47.7605,58.99999999999994
439,2.0,2350,15021,8,4,0,0,39,558662.1855548734,5276673.33583498,6.113943352306837,POINT (-122.219 47.640800000000006),-122.219,47.640800000000006,130.00000000000006
1488,2.0,1300,2500,7,4,0,0,89,547057.0115854484,5281269.473276653,5.699837725867246,POINT (-122.373 47.683099999999996),-122.373,47.683099999999996,50.10000000000002
1813,2.5,1770,3451,7,3,0,0,11,560553.9909775015,5253540.61177693,5.264227347756233,POINT (-122.197 47.432500000000005),-122.197,47.432500000000005,18.375000000000007
1261,1.0,1340,2006,7,3,0,0,84,547099.6244327344,5276001.5030590175,5.788875115775417,POINT (-122.373 47.63569999999999),-122.373,47.63569999999999,61.500000000000014
1407,3.0,2980,7200,8,3,0,2,104,547925.1075756757,5276108.267510454,6.118264726089479,POINT (-122.362 47.6366),-122.362,47.6366,131.29999999999993
1475,1.75,2180,10230,7,4,0,0,54,554133.9852526978,5262736.18042916,5.511883360978874,POINT (-122.281 47.51579999999999),-122.281,47.51579999999999,32.50000000000001
817,1.5,1220,8400,7,4,0,0,53,562228.7654218538,5266251.181217847,5.43448906315119,POINT (-122.17300000000002 47.54670000000001),-122.17300000000002,47.54670000000001,27.195000000000018
1763,1.0,750,4000,6,3,0,0,97,545919.9147033131,5263610.642319285,5.3979400086720375,POINT (-122.39 47.524300000000004),-122.39,47.524300000000004,24.999999999999993
2163,2.75,2100,4480,7,4,0,0,87,553000.1946441579,5279764.531399864,5.831869774280501,POINT (-122.294 47.66909999999999),-122.294,47.66909999999999,67.89999999999993
907,4.0,1680,7268,8,3,0,0,7,548449.1472009881,5267276.571916361,5.7363965022766426,POINT (-122.35600000000001 47.5571),-122.35600000000001,47.5571,54.500000000000014
533,1.0,1540,7350,6,4,0,0,46,549865.3167066529,5242248.096486614,5.204119982655925,POINT (-122.34 47.3318),-122.34,47.3318,16.000000000000007
67,1.0,1210,7440,7,3,0,0,66,550754.0752321912,5287647.116283707,5.51181654130309,POINT (-122.32300000000001 47.74019999999999),-122.32300000000001,47.74019999999999,32.49499999999999
1370,3.25,4230,10260,10,3,0,0,19,569146.6487077542,5266729.100816056,5.928242183157309,POINT (-122.081 47.55030000000001),-122.081,47.55030000000001,84.76999999999997
2392,2.5,2040,8265,7,3,0,0,19,549634.0010426654,5260640.108112061,5.550228353055094,POINT (-122.34100000000001 47.497299999999996),-122.34100000000001,47.497299999999996,35.500000000000014
1587,1.75,1310,8670,6,4,0,0,31,561519.3062077361,5240557.814426161,5.334453751150931,POINT (-122.18600000000002 47.3156),-122.18600000000002,47.3156,21.599999999999987
221,1.75,1670,9500,7,3,0,0,39,551743.3285768104,5286010.8509159535,5.511883360978874,POINT (-122.31 47.7254),-122.31,47.7254,32.50000000000001
1877,2.5,2620,8950,9,3,0,0,23,566284.9817701111,5266918.231267661,5.872738827472669,POINT (-122.119 47.552299999999995),-122.119,47.552299999999995,74.60000000000005
2018,1.0,1040,8000,7,4,0,0,59,548980.4983441512,5257722.65698514,5.3979400086720375,POINT (-122.35 47.47110000000001),-122.35,47.47110000000001,24.999999999999993
1691,1.0,730,2400,4,3,0,1,81,551207.6728753106,5244282.382417856,5.336459733848529,POINT (-122.32199999999999 47.35000000000001),-122.32199999999999,47.35000000000001,21.699999999999978
2594,2.5,3020,9648,9,4,0,2,38,565148.6043988956,5267605.691752631,5.989004615698537,POINT (-122.134 47.55859999999999),-122.134,47.55859999999999,97.50000000000004
2555,2.5,1370,7247,7,3,0,0,20,552616.1344118072,5247262.293146716,5.363611979892144,POINT (-122.30300000000001 47.3767),-122.30300000000001,47.3767,23.099999999999984
2678,1.0,1120,6180,7,4,0,0,76,552461.3659549758,5281237.913756205,5.737192642704737,POINT (-122.30100000000002 47.682399999999994),-122.30100000000002,47.682399999999994,54.59999999999995
2644,1.0,1360,8136,7,3,0,0,67,550007.8348002015,5287240.5042315805,5.515873843711679,POINT (-122.333 47.7366),-122.333,47.7366,32.80000000000001
2855,2.0,1490,9000,8,4,0,0,38,561402.4615170993,5266109.061180014,5.592176757395867,POINT (-122.184 47.5455),-122.184,47.5455,39.10000000000004
175,2.5,1440,7320,7,5,0,0,61,551300.7515025889,5285173.311147605,5.633468455579586,POINT (-122.31600000000002 47.7179),-122.31600000000002,47.7179,42.999999999999964
289,2.5,3430,7508,10,3,0,0,17,566790.8460224408,5281851.684810906,5.910090545594068,POINT (-122.11000000000001 47.6866),-122.11000000000001,47.6866,81.29999999999997
2236,1.0,1240,12092,6,3,0,0,93,548806.9981481684,5260455.324518755,5.381115080709851,POINT (-122.35200000000002 47.4957),-122.35200000000002,47.4957,24.050000000000004
170,3.25,1560,1345,8,3,0,0,6,547013.8468633158,5267998.392507227,5.651278013998144,POINT (-122.375 47.5637),-122.375,47.5637,44.799999999999955
1706,1.5,1850,7547,7,4,0,0,55,552168.4265800846,5246669.251145746,5.389166084364533,POINT (-122.30899999999998 47.37139999999999),-122.30899999999998,47.37139999999999,24.500000000000007
2927,1.0,870,6126,7,4,0,0,77,550865.8272732458,5283446.691842438,5.588271706842329,POINT (-122.32199999999999 47.7024),-122.32199999999999,47.7024,38.75000000000002
1034,3.5,3130,5000,10,3,0,0,1,544906.0094922176,5268192.975343596,6.004321373782642,POINT (-122.403 47.565599999999996),-122.403,47.565599999999996,100.9999999999999
2404,1.75,1020,5000,6,5,0,0,61,553438.697194229,5264663.7123361975,5.45484486000851,POINT (-122.29 47.5332),-122.29,47.5332,28.5
233,1.75,1850,6869,6,5,0,2,96,548006.628162155,5257014.398818449,5.662710623193903,POINT (-122.363 47.4648),-122.363,47.4648,45.99500000000004
1800,6.0,5490,19897,12,3,0,0,10,557411.9011736803,5273959.966803108,6.560504415195057,POINT (-122.23600000000002 47.6165),-122.23600000000002,47.6165,363.5000000000002
2592,1.0,1560,4920,6,4,0,0,68,550619.059849116,5285934.252213608,5.491361693834273,POINT (-122.325 47.724799999999995),-122.325,47.724799999999995,31.00000000000003
1566,3.5,4280,9583,11,3,0,0,10,560363.9943257995,5271922.418543896,6.204119982655925,POINT (-122.197 47.597899999999996),-122.197,47.597899999999996,160.00000000000009
2377,2.25,2360,4000,9,3,0,0,2,553425.7954790897,5274288.852002256,6.113943352306837,POINT (-122.28899999999999 47.61979999999999),-122.28899999999999,47.61979999999999,130.00000000000006
1725,1.0,1050,4800,7,4,0,0,46,546080.5396342119,5262333.763352054,5.511883360978874,POINT (-122.388 47.5128),-122.388,47.5128,32.50000000000001
1748,1.75,2350,12720,7,4,0,0,51,562299.1001662875,5245434.138621891,5.389166084364533,POINT (-122.17500000000001 47.3594),-122.17500000000001,47.3594,24.500000000000007
1330,2.75,1465,972,7,3,0,0,9,552748.3155482061,5274416.057054512,5.68930885912362,POINT (-122.298 47.620999999999995),-122.298,47.620999999999995,48.899999999999956
420,1.0,2360,5012,7,3,0,0,51,546330.8527222914,5268748.711907668,5.725911632295048,POINT (-122.38400000000001 47.5705),-122.38400000000001,47.5705,53.20000000000001
764,2.0,1730,4248,7,3,0,0,110,552024.3795022037,5271330.796340206,5.653212513775344,POINT (-122.308 47.59329999999999),-122.308,47.59329999999999,45.00000000000003
798,2.5,1890,5954,7,3,0,0,11,560898.9501870051,5242074.036196689,5.474944335465388,POINT (-122.194 47.3293),-122.194,47.3293,29.849999999999987
705,2.5,3170,3862,8,3,0,0,7,564184.0020020034,5280032.776178691,5.913813852383717,POINT (-122.14500000000001 47.67049999999999),-122.14500000000001,47.67049999999999,82.0
1316,1.0,1340,6120,7,4,0,0,95,551036.0232229297,5263975.375025775,5.406540180433956,POINT (-122.32199999999999 47.52719999999999),-122.32199999999999,47.52719999999999,25.50000000000007
44,3.0,1630,7626,7,5,0,0,25,551901.8500314882,5285056.388257587,5.683497317679811,POINT (-122.308 47.716800000000006),-122.308,47.716800000000006,48.25
2663,1.0,1220,5652,6,3,0,0,110,544520.5049392299,5269423.715557399,5.759667844689631,POINT (-122.408 47.57669999999999),-122.408,47.57669999999999,57.50000000000013
1965,2.75,2670,3738,10,3,0,0,2,559990.547931101,5264360.491691365,5.902438056198665,POINT (-122.20300000000002 47.5299),-122.20300000000002,47.5299,79.88000000000007
1967,1.5,1820,12686,7,4,0,0,63,560525.0627452104,5270890.402837746,5.942008053022313,POINT (-122.19500000000001 47.5886),-122.19500000000001,47.5886,87.49999999999999
1210,1.75,1980,3300,7,4,0,0,89,552695.6833226385,5280228.586123204,5.819543935541868,POINT (-122.298 47.673300000000005),-122.298,47.673300000000005,65.99999999999996
685,3.75,3600,16101,9,3,0,0,64,553564.8389148198,5275512.747177435,6.28443073384452,POINT (-122.28699999999999 47.6308),-122.28699999999999,47.6308,192.50000000000014
